week,on_team_id,player_id,name,position,slot,pro_team,proj_points,actual_points,injury_status,percent_owned,percent_started,eligible_slots,team_name,is_starter
1,2,4429795,Jahmyr Gibbs,RB,RB,DET,18.42,15.0,ACTIVE,-1,-1,"RB,RB/WR,RB/WR/TE,OP,BE,IR",Lockout Lockdown,True
1,2,4426348,Jayden Daniels,QB,QB,WSH,20.9,20.0,ACTIVE,-1,-1,"QB,OP,BE,IR",Lockout Lockdown,True
1,2,4430878,Jaxon Smith-Njigba,WR,WR,SEA,14.67,19.4,ACTIVE,-1,-1,"RB/WR,WR,WR/TE,RB/WR/TE,OP,BE,IR",Lockout Lockdown,True
1,2,4432710,TreVeyon Henderson,RB,RB,NE,14.32,11.1,ACTIVE,-1,-1,"Rookie,RB,RB/WR,RB/WR/TE,OP,BE,IR",Lockout Lockdown,True
1,2,4683062,Xavier Worthy,WR,WR,KC,17.03,0.0,QUESTIONABLE,-1,-1,"RB/WR,WR,WR/TE,RB/WR/TE,OP,BE,IR",Lockout Lockdown,True
1,2,4431299,Rome Odunze,WR,RB/WR/TE,CHI,12.3,0.0,ACTIVE,-1,-1,"RB/WR,WR,WR/TE,RB/WR/TE,OP,BE,IR",Lockout Lockdown,True
1,2,-16023,Steelers D/ST,D/ST,D/ST,PIT,9.79,5.0,NORMAL,-1,-1,"D/ST,BE,IR",Lockout Lockdown,True
1,2,4385690,Dalton Kincaid,TE,TE,BUF,8.75,14.8,ACTIVE,-1,-1,"WR/TE,TE,RB/WR/TE,OP,BE,IR",Lockout Lockdown,True
1,2,3150744,Chase McLaughlin,K,K,TB,8.74,5.0,ACTIVE,-1,-1,"K,BE,IR",Lockout Lockdown,True
1,2,4362887,Justin Fields,QB,BE,NYJ,15.47,29.4,ACTIVE,-1,-1,"QB,OP,BE,IR",Lockout Lockdown,False
1,2,4819231,Kaleb Johnson,RB,BE,PIT,5.06,-0.2,ACTIVE,-1,-1,"Rookie,RB,RB/WR,RB/WR/TE,OP,BE,IR",Lockout Lockdown,False
1,2,4032473,Rashid Shaheed,WR,BE,NO,10.62,9.3,ACTIVE,-1,-1,"RB/WR,WR,WR/TE,RB/WR/TE,OP,BE,IR",Lockout Lockdown,False
1,2,4369863,Cedric Tillman,WR,BE,CLE,10.7,16.2,ACTIVE,-1,-1,"RB/WR,WR,WR/TE,RB/WR/TE,OP,BE,IR",Lockout Lockdown,False
1,2,5081397,Dylan Sampson,RB,BE,CLE,9.51,17.3,ACTIVE,-1,-1,"Rookie,RB,RB/WR,RB/WR/TE,OP,BE,IR",Lockout Lockdown,False
1,5,3117251,Christian McCaffrey,RB,RB,SF,17.69,23.2,ACTIVE,-1,-1,"RB,RB/WR,RB/WR/TE,OP,BE,IR",Enter Touchdown,True
1,5,4047646,A.J. Brown,WR,WR,PHI,16.58,1.8,ACTIVE,-1,-1,"RB/WR,WR,WR/TE,RB/WR/TE,OP,BE,IR",Enter Touchdown,True
1,5,4361307,Trey McBride,TE,TE,ARI,15.01,12.1,ACTIVE,-1,-1,"WR/TE,TE,RB/WR/TE,OP,BE,IR",Enter Touchdown,True
1,5,3052587,Baker Mayfield,QB,QB,TB,19.0,22.5,ACTIVE,-1,-1,"QB,OP,BE,IR",Enter Touchdown,True
1,5,3915416,DJ Moore,WR,WR,CHI,13.47,0.0,ACTIVE,-1,-1,"RB/WR,WR,WR/TE,RB/WR/TE,OP,BE,IR",Enter Touchdown,True
1,5,4241478,DeVonta Smith,WR,RB/WR/TE,PHI,13.42,4.6,ACTIVE,-1,-1,"RB/WR,WR,WR/TE,RB/WR/TE,OP,BE,IR",Enter Touchdown,True
1,5,4569173,Rhamondre Stevenson,RB,RB,NE,11.21,4.7,ACTIVE,-1,-1,"RB,RB/WR,RB/WR/TE,OP,BE,IR",Enter Touchdown,True
1,5,2985659,Wil Lutz,K,K,DEN,8.15,8.0,ACTIVE,-1,-1,"K,BE,IR",Enter Touchdown,True
1,5,-16028,Commanders D/ST,D/ST,D/ST,WSH,7.85,12.0,NORMAL,-1,-1,"D/ST,BE,IR",Enter Touchdown,True
1,5,4426338,Bo Nix,QB,BE,DEN,18.43,6.8,ACTIVE,-1,-1,"QB,OP,BE,IR",Enter Touchdown,False
1,5,4428331,Rashee Rice,WR,BE,KC,0.0,0.0,SUSPENSION,-1,-1,"RB/WR,WR,WR/TE,RB/WR/TE,OP,BE,IR",Enter Touchdown,False
1,5,3051876,Evan Engram,TE,BE,DEN,9.91,5.1,QUESTIONABLE,-1,-1,"WR/TE,TE,RB/WR/TE,OP,BE,IR",Enter Touchdown,False
1,5,4429013,Tank Bigsby,RB,BE,JAX,8.58,1.2,ACTIVE,-1,-1,"RB,RB/WR,RB/WR/TE,OP,BE,IR",Enter Touchdown,False
1,5,-16011,Colts D/ST,D/ST,BE,IND,7.19,15.5,NORMAL,-1,-1,"D/ST,BE,IR",Enter Touchdown,False
1,6,4362628,Ja'Marr Chase,WR,WR,CIN,19.78,4.6,ACTIVE,-1,-1,"RB/WR,WR,WR/TE,RB/WR/TE,OP,BE,IR",Prime Tymaz,True
1,6,3915511,Joe Burrow,QB,QB,CIN,19.89,8.7,ACTIVE,-1,-1,"QB,OP,BE,IR",Prime Tymaz,True
1,6,4362238,Chase Brown,RB,RB,CIN,17.62,13.1,ACTIVE,-1,-1,"RB,RB/WR,RB/WR/TE,OP,BE,IR",Prime Tymaz,True
1,6,3045147,James Conner,RB,RB,ARI,15.33,14.4,ACTIVE,-1,-1,"RB,RB/WR,RB/WR/TE,OP,BE,IR",Prime Tymaz,True
1,6,16737,Mike Evans,WR,WR,TB,16.07,10.1,ACTIVE,-1,-1,"RB/WR,WR,WR/TE,RB/WR/TE,OP,BE,IR",Prime Tymaz,True
1,6,3116365,Mark Andrews,TE,TE,BAL,11.88,1.5,ACTIVE,-1,-1,"WR/TE,TE,RB/WR/TE,OP,BE,IR",Prime Tymaz,True
1,6,3042519,Aaron Jones Sr.,RB,RB/WR/TE,MIN,12.53,0.0,ACTIVE,-1,-1,"RB,RB/WR,RB/WR/TE,OP,BE,IR",Prime Tymaz,True
1,6,-16034,Texans D/ST,D/ST,D/ST,HOU,8.09,10.0,NORMAL,-1,-1,"D/ST,BE,IR",Prime Tymaz,True
1,6,17427,Cairo Santos,K,K,CHI,8.13,0.0,ACTIVE,-1,-1,"K,BE,IR",Prime Tymaz,True
1,6,4432577,C.J. Stroud,QB,BE,HOU,16.42,8.6,ACTIVE,-1,-1,"QB,OP,BE,IR",Prime Tymaz,False
1,6,4373678,Khalil Shakir,WR,BE,BUF,11.74,12.4,ACTIVE,-1,-1,"RB/WR,WR,WR/TE,RB/WR/TE,OP,BE,IR",Prime Tymaz,False
1,6,3121023,Dallas Goedert,TE,BE,PHI,9.42,11.4,ACTIVE,-1,-1,"WR/TE,TE,RB/WR/TE,OP,BE,IR",Prime Tymaz,False
1,6,4430034,Xavier Legette,WR,BE,CAR,9.79,4.0,ACTIVE,-1,-1,"RB/WR,WR,WR/TE,RB/WR/TE,OP,BE,IR",Prime Tymaz,False
1,6,4241457,Najee Harris,RB,BE,LAC,5.37,2.0,ACTIVE,-1,-1,"RB,RB/WR,RB/WR/TE,OP,BE,IR",Prime Tymaz,False
1,8,4890973,Ashton Jeanty,RB,RB,LV,17.53,12.0,ACTIVE,-1,-1,"Rookie,RB,RB/WR,RB/WR/TE,OP,BE,IR",Team Newbie,True
1,8,4432773,Brian Thomas Jr.,WR,WR,JAX,16.34,9.0,ACTIVE,-1,-1,"RB/WR,WR,WR/TE,RB/WR/TE,OP,BE,IR",Team Newbie,True
1,8,3139477,Patrick Mahomes,QB,QB,KC,19.7,25.9,ACTIVE,-1,-1,"QB,OP,BE,IR",Team Newbie,True
1,8,4569618,Garrett Wilson,WR,WR,NYJ,13.17,22.5,ACTIVE,-1,-1,"RB/WR,WR,WR/TE,RB/WR/TE,OP,BE,IR",Team Newbie,True
1,8,3123076,David Njoku,TE,TE,CLE,11.25,6.7,ACTIVE,-1,-1,"WR/TE,TE,RB/WR/TE,OP,BE,IR",Team Newbie,True
1,8,4427366,Breece Hall,RB,RB,NYJ,12.6,16.5,ACTIVE,-1,-1,"RB,RB/WR,RB/WR/TE,OP,BE,IR",Team Newbie,True
1,8,4701936,Matthew Golden,WR,RB/WR/TE,GB,12.3,3.6,QUESTIONABLE,-1,-1,"Rookie,RB/WR,WR,WR/TE,RB/WR/TE,OP,BE,IR",Team Newbie,True
1,8,4689936,Jake Bates,K,K,DET,8.54,7.0,ACTIVE,-1,-1,"K,BE,IR",Team Newbie,True
1,8,-16027,Buccaneers D/ST,D/ST,D/ST,TB,7.68,3.0,NORMAL,-1,-1,"D/ST,BE,IR",Team Newbie,True
1,8,4360569,Jordan Mason,RB,BE,MIN,8.0,0.0,ACTIVE,-1,-1,"RB,RB/WR,RB/WR/TE,OP,BE,IR",Team Newbie,False
1,8,3886598,Jauan Jennings,WR,BE,SF,12.53,3.6,QUESTIONABLE,-1,-1,"RB/WR,WR,WR/TE,RB/WR/TE,OP,BE,IR",Team Newbie,False
1,8,4433970,J.J. McCarthy,QB,BE,MIN,16.25,0.0,ACTIVE,-1,-1,"QB,OP,BE,IR",Team Newbie,False
1,8,4362249,Jayden Reed,WR,BE,GB,11.21,13.5,QUESTIONABLE,-1,-1,"RB/WR,WR,WR/TE,RB/WR/TE,OP,BE,IR",Team Newbie,False
1,8,4429275,Trey Benson,RB,BE,ARI,7.91,8.5,ACTIVE,-1,-1,"RB,RB/WR,RB/WR/TE,OP,BE,IR",Team Newbie,False
1,9,3918298,Josh Allen,QB,QB,BUF,20.72,38.6,ACTIVE,-1,-1,"QB,OP,BE,IR",Shelley Duvall,True
1,9,4426502,Drake London,WR,WR,ATL,16.01,13.5,QUESTIONABLE,-1,-1,"RB/WR,WR,WR/TE,RB/WR/TE,OP,BE,IR",Shelley Duvall,True
1,9,4430737,Kyren Williams,RB,RB,LAR,15.74,13.9,ACTIVE,-1,-1,"RB,RB/WR,RB/WR/TE,OP,BE,IR",Shelley Duvall,True
1,9,3116406,Tyreek Hill,WR,WR,MIA,15.05,8.0,ACTIVE,-1,-1,"RB/WR,WR,WR/TE,RB/WR/TE,OP,BE,IR",Shelley Duvall,True
1,9,4259545,D'Andre Swift,RB,RB,CHI,12.64,0.0,ACTIVE,-1,-1,"RB,RB/WR,RB/WR/TE,OP,BE,IR",Shelley Duvall,True
1,9,4241463,Jerry Jeudy,WR,RB/WR/TE,CLE,14.86,11.6,ACTIVE,-1,-1,"RB/WR,WR,WR/TE,RB/WR/TE,OP,BE,IR",Shelley Duvall,True
1,9,4431459,Tyler Warren,TE,TE,IND,9.92,14.9,ACTIVE,-1,-1,"Rookie,WR/TE,TE,RB/WR/TE,OP,BE,IR",Shelley Duvall,True
1,9,-16026,Seahawks D/ST,D/ST,D/ST,SEA,6.36,11.0,NORMAL,-1,-1,"D/ST,BE,IR",Shelley Duvall,True
1,9,17372,Chris Boswell,K,K,PIT,8.02,14.0,ACTIVE,-1,-1,"K,BE,IR",Shelley Duvall,True
1,9,3916433,Jakobi Meyers,WR,BE,LV,12.8,17.7,ACTIVE,-1,-1,"RB/WR,WR,WR/TE,RB/WR/TE,OP,BE,IR",Shelley Duvall,False
1,9,3068267,Austin Ekeler,RB,BE,WSH,11.89,8.7,QUESTIONABLE,-1,-1,"RB,RB/WR,RB/WR/TE,OP,BE,IR",Shelley Duvall,False
1,9,2976212,Stefon Diggs,WR,BE,NE,12.15,11.7,ACTIVE,-1,-1,"RB/WR,WR,WR/TE,RB/WR/TE,OP,BE,IR",Shelley Duvall,False
1,9,4361579,Javonte Williams,RB,BE,DAL,11.32,20.4,ACTIVE,-1,-1,"RB,RB/WR,RB/WR/TE,OP,BE,IR",Shelley Duvall,False
1,9,4241479,Tua Tagovailoa,QB,BE,MIA,15.2,5.1,ACTIVE,-1,-1,"QB,OP,BE,IR",Shelley Duvall,False
1,13,4262921,Justin Jefferson,WR,WR,MIN,20.23,0.0,ACTIVE,-1,-1,"RB/WR,WR,WR/TE,RB/WR/TE,OP,BE,IR",Vita Vea Vegamine,True
1,13,3916387,Lamar Jackson,QB,QB,BAL,21.93,29.2,ACTIVE,-1,-1,"QB,OP,BE,IR",Vita Vea Vegamine,True
1,13,4239993,Tee Higgins,WR,WR,CIN,15.47,6.3,ACTIVE,-1,-1,"RB/WR,WR,WR/TE,RB/WR/TE,OP,BE,IR",Vita Vea Vegamine,True
1,13,4241416,Chuba Hubbard,RB,RB,CAR,15.39,17.9,ACTIVE,-1,-1,"RB,RB/WR,RB/WR/TE,OP,BE,IR",Vita Vea Vegamine,True
1,13,4430027,Sam LaPorta,TE,TE,DET,11.35,13.9,ACTIVE,-1,-1,"WR/TE,TE,RB/WR/TE,OP,BE,IR",Vita Vea Vegamine,True
1,13,4035538,David Montgomery,RB,RB/WR/TE,DET,12.33,8.3,ACTIVE,-1,-1,"RB,RB/WR,RB/WR/TE,OP,BE,IR",Vita Vea Vegamine,True
1,13,4361529,Isiah Pacheco,RB,RB,KC,12.84,4.8,ACTIVE,-1,-1,"RB,RB/WR,RB/WR/TE,OP,BE,IR",Vita Vea Vegamine,True
1,13,-16007,Broncos D/ST,D/ST,D/ST,DEN,9.4,18.5,NORMAL,-1,-1,"D/ST,BE,IR",Vita Vea Vegamine,True
1,13,3055899,Harrison Butker,K,K,KC,8.26,11.0,ACTIVE,-1,-1,"K,BE,IR",Vita Vea Vegamine,True
1,13,4361370,Chris Olave,WR,BE,NO,12.42,12.4,ACTIVE,-1,-1,"RB/WR,WR,WR/TE,RB/WR/TE,OP,BE,IR",Vita Vea Vegamine,False
1,13,3046779,Jared Goff,QB,BE,DET,15.13,10.9,ACTIVE,-1,-1,"QB,OP,BE,IR",Vita Vea Vegamine,False
1,13,4688813,Josh Downs,WR,BE,IND,10.68,3.2,ACTIVE,-1,-1,"RB/WR,WR,WR/TE,RB/WR/TE,OP,BE,IR",Vita Vea Vegamine,False
1,13,4697815,Rachaad White,RB,BE,TB,7.8,2.6,ACTIVE,-1,-1,"RB,RB/WR,RB/WR/TE,OP,BE,IR",Vita Vea Vegamine,False
1,13,4360248,Kyle Pitts Sr.,TE,BE,ATL,9.1,12.9,ACTIVE,-1,-1,"WR/TE,TE,RB/WR/TE,OP,BE,IR",Vita Vea Vegamine,False
1,16,4241389,CeeDee Lamb,WR,WR,DAL,18.98,18.0,ACTIVE,-1,-1,"RB/WR,WR,WR/TE,RB/WR/TE,OP,BE,IR",Ceedee Ball Catch D'Ball,True
1,16,4047365,Josh Jacobs,RB,RB,GB,15.7,14.0,ACTIVE,-1,-1,"RB,RB/WR,RB/WR/TE,OP,BE,IR",Ceedee Ball Catch D'Ball,True
1,16,4432665,Brock Bowers,TE,TE,LV,15.3,15.3,QUESTIONABLE,-1,-1,"WR/TE,TE,RB/WR/TE,OP,BE,IR",Ceedee Ball Catch D'Ball,True
1,16,4685382,Omarion Hampton,RB,RB,LAC,14.73,8.1,ACTIVE,-1,-1,"Rookie,RB,RB/WR,RB/WR/TE,OP,BE,IR",Ceedee Ball Catch D'Ball,True
1,16,4685472,Tetairoa McMillan,WR,WR,CAR,13.87,11.8,ACTIVE,-1,-1,"Rookie,RB/WR,WR,WR/TE,RB/WR/TE,OP,BE,IR",Ceedee Ball Catch D'Ball,True
1,16,4426388,Jameson Williams,WR,RB/WR/TE,DET,12.92,6.6,ACTIVE,-1,-1,"RB/WR,WR,WR/TE,RB/WR/TE,OP,BE,IR",Ceedee Ball Catch D'Ball,True
1,16,3917315,Kyler Murray,QB,QB,ARI,18.19,18.2,ACTIVE,-1,-1,"QB,OP,BE,IR",Ceedee Ball Catch D'Ball,True
1,16,4249087,Matt Gay,K,K,WSH,8.17,3.0,ACTIVE,-1,-1,"K,BE,IR",Ceedee Ball Catch D'Ball,True
1,16,-16022,Cardinals D/ST,D/ST,D/ST,ARI,8.62,5.0,NORMAL,-1,-1,"D/ST,BE,IR",Ceedee Ball Catch D'Ball,True
1,16,4035687,Michael Pittman Jr.,WR,BE,IND,12.01,20.0,ACTIVE,-1,-1,"RB/WR,WR,WR/TE,RB/WR/TE,OP,BE,IR",Ceedee Ball Catch D'Ball,False
1,16,4575131,Jacory Croskey-Merritt,RB,BE,WSH,9.52,14.2,ACTIVE,-1,-1,"Rookie,RB,RB/WR,RB/WR/TE,OP,BE,IR",Ceedee Ball Catch D'Ball,False
1,16,4429205,Jordan Addison,WR,BE,MIN,0.0,0.0,SUSPENSION,-1,-1,"RB/WR,WR,WR/TE,RB/WR/TE,OP,BE,IR",Ceedee Ball Catch D'Ball,False
1,16,3116385,Joe Mixon,RB,IR,HOU,0.0,0.0,OUT,-1,-1,"RB,RB/WR,RB/WR/TE,OP,BE,IR",Ceedee Ball Catch D'Ball,False
1,16,3128720,Nick Chubb,RB,BE,HOU,9.34,6.0,ACTIVE,-1,-1,"RB,RB/WR,RB/WR/TE,OP,BE,IR",Ceedee Ball Catch D'Ball,False
1,16,4241474,Brian Robinson Jr.,RB,BE,SF,4.13,4.7,ACTIVE,-1,-1,"RB,RB/WR,RB/WR/TE,OP,BE,IR",Ceedee Ball Catch D'Ball,False
1,19,4595348,Malik Nabers,WR,WR,NYG,18.99,12.1,ACTIVE,-1,-1,"RB/WR,WR,WR/TE,RB/WR/TE,OP,BE,IR",Annexation of Puerto Rico,True
1,19,4258173,Nico Collins,WR,WR,HOU,17.44,5.5,ACTIVE,-1,-1,"RB/WR,WR,WR/TE,RB/WR/TE,OP,BE,IR",Annexation of Puerto Rico,True
1,19,4379399,James Cook,RB,RB,BUF,14.62,21.2,ACTIVE,-1,-1,"RB,RB/WR,RB/WR/TE,OP,BE,IR",Annexation of Puerto Rico,True
1,19,3040151,George Kittle,TE,TE,SF,13.63,12.5,OUT,-1,-1,"WR/TE,TE,RB/WR/TE,OP,BE,IR",Annexation of Puerto Rico,True
1,19,3128429,Courtland Sutton,WR,RB/WR/TE,DEN,13.4,18.1,ACTIVE,-1,-1,"RB/WR,WR,WR/TE,RB/WR/TE,OP,BE,IR",Annexation of Puerto Rico,True
1,19,4568490,RJ Harvey,RB,RB,DEN,12.81,7.9,ACTIVE,-1,-1,"Rookie,RB,RB/WR,RB/WR/TE,OP,BE,IR",Annexation of Puerto Rico,True
1,19,3953687,Brandon Aubrey,K,K,DAL,8.24,11.0,ACTIVE,-1,-1,"K,BE,IR",Annexation of Puerto Rico,True
1,19,4431452,Drake Maye,QB,QB,NE,17.81,15.7,ACTIVE,-1,-1,"QB,OP,BE,IR",Annexation of Puerto Rico,True
1,19,-16021,Eagles D/ST,D/ST,D/ST,PHI,7.91,3.5,NORMAL,-1,-1,"D/ST,BE,IR",Annexation of Puerto Rico,True
1,19,4360516,Tyrone Tracy Jr.,RB,BE,NYG,13.34,5.5,ACTIVE,-1,-1,"RB,RB/WR,RB/WR/TE,OP,BE,IR",Annexation of Puerto Rico,False
1,19,4428209,Ricky Pearsall,WR,BE,SF,13.03,14.8,ACTIVE,-1,-1,"RB/WR,WR,WR/TE,RB/WR/TE,OP,BE,IR",Annexation of Puerto Rico,False
1,19,4242355,Jake Ferguson,TE,BE,DAL,8.99,7.3,ACTIVE,-1,-1,"WR/TE,TE,RB/WR/TE,OP,BE,IR",Annexation of Puerto Rico,False
1,19,4882093,Bhayshul Tuten,RB,BE,JAX,3.56,1.1,ACTIVE,-1,-1,"Rookie,RB,RB/WR,RB/WR/TE,OP,BE,IR",Annexation of Puerto Rico,False
1,19,4711533,Ollie Gordon II,RB,BE,MIA,7.03,1.3,ACTIVE,-1,-1,"Rookie,RB,RB/WR,RB/WR/TE,OP,BE,IR",Annexation of Puerto Rico,False
1,20,4426515,Puka Nacua,WR,WR,LAR,16.77,23.1,ACTIVE,-1,-1,"RB/WR,WR,WR/TE,RB/WR/TE,OP,BE,IR",Dawg Pound,True
1,20,4242335,Jonathan Taylor,RB,RB,IND,18.03,12.8,ACTIVE,-1,-1,"RB,RB/WR,RB/WR/TE,OP,BE,IR",Dawg Pound,True
1,20,16800,Davante Adams,WR,WR,LAR,14.45,9.1,ACTIVE,-1,-1,"RB/WR,WR,WR/TE,RB/WR/TE,OP,BE,IR",Dawg Pound,True
1,20,4361741,Brock Purdy,QB,QB,SF,16.83,16.7,QUESTIONABLE,-1,-1,"QB,OP,BE,IR",Dawg Pound,True
1,20,4429615,Zay Flowers,WR,RB/WR/TE,BAL,14.56,28.1,ACTIVE,-1,-1,"RB/WR,WR,WR/TE,RB/WR/TE,OP,BE,IR",Dawg Pound,True
1,20,4241985,J.K. Dobbins,RB,RB,DEN,10.63,14.8,ACTIVE,-1,-1,"RB,RB/WR,RB/WR/TE,OP,BE,IR",Dawg Pound,True
1,20,4723086,Colston Loveland,TE,TE,CHI,8.81,0.0,ACTIVE,-1,-1,"Rookie,WR/TE,TE,RB/WR/TE,OP,BE,IR",Dawg Pound,True
1,20,4362081,Cameron Dicker,K,K,LAC,8.4,9.0,ACTIVE,-1,-1,"K,BE,IR",Dawg Pound,True
1,20,-16008,Lions D/ST,D/ST,D/ST,DET,7.68,5.0,NORMAL,-1,-1,"D/ST,BE,IR",Dawg Pound,True
1,20,4372016,Jaylen Waddle,WR,BE,MIA,12.95,7.0,ACTIVE,-1,-1,"RB/WR,WR,WR/TE,RB/WR/TE,OP,BE,IR",Dawg Pound,False
1,20,2977187,Cooper Kupp,WR,BE,SEA,12.33,3.5,ACTIVE,-1,-1,"RB/WR,WR,WR/TE,RB/WR/TE,OP,BE,IR",Dawg Pound,False
1,20,4239996,Travis Etienne Jr.,RB,BE,JAX,10.3,18.6,ACTIVE,-1,-1,"RB,RB/WR,RB/WR/TE,OP,BE,IR",Dawg Pound,False
1,20,3046439,Hunter Henry,TE,BE,NE,8.82,10.6,ACTIVE,-1,-1,"WR/TE,TE,RB/WR/TE,OP,BE,IR",Dawg Pound,False
1,20,4685702,Quinshon Judkins,RB,BE,CLE,0.0,0.0,OUT,-1,-1,"Rookie,RB,RB/WR,RB/WR/TE,OP,BE,IR",Dawg Pound,False
1,21,4430807,Bijan Robinson,RB,RB,ATL,19.75,24.4,ACTIVE,-1,-1,"RB,RB/WR,RB/WR/TE,OP,BE,IR",OJ's Parole Board,True
1,21,4596448,Bucky Irving,RB,RB,TB,17.28,14.5,ACTIVE,-1,-1,"RB,RB/WR,RB/WR/TE,OP,BE,IR",OJ's Parole Board,True
1,21,4612826,Ladd McConkey,WR,WR,LAC,15.12,13.4,ACTIVE,-1,-1,"RB/WR,WR,WR/TE,RB/WR/TE,OP,BE,IR",OJ's Parole Board,True
1,21,4432708,Marvin Harrison Jr.,WR,WR,ARI,13.92,18.1,ACTIVE,-1,-1,"RB/WR,WR,WR/TE,RB/WR/TE,OP,BE,IR",OJ's Parole Board,True
1,21,4567048,Kenneth Walker III,RB,RB/WR/TE,SEA,15.01,5.4,ACTIVE,-1,-1,"RB,RB/WR,RB/WR/TE,OP,BE,IR",OJ's Parole Board,True
1,21,4036133,T.J. Hockenson,TE,TE,MIN,11.29,0.0,ACTIVE,-1,-1,"WR/TE,TE,RB/WR/TE,OP,BE,IR",OJ's Parole Board,True
1,21,2577417,Dak Prescott,QB,QB,DAL,16.5,7.7,ACTIVE,-1,-1,"QB,OP,BE,IR",OJ's Parole Board,True
1,21,-16016,Vikings D/ST,D/ST,D/ST,MIN,8.9,0.0,NORMAL,-1,-1,"D/ST,BE,IR",OJ's Parole Board,True
1,21,3050478,Jake Elliott,K,K,PHI,8.64,8.0,ACTIVE,-1,-1,"K,BE,IR",OJ's Parole Board,True
1,21,4567750,Emeka Egbuka,WR,BE,TB,13.46,23.6,ACTIVE,-1,-1,"Rookie,RB/WR,WR,WR/TE,RB/WR/TE,OP,BE,IR",OJ's Parole Board,False
1,21,4036378,Jordan Love,QB,BE,GB,14.73,15.8,ACTIVE,-1,-1,"QB,OP,BE,IR",OJ's Parole Board,False
1,21,15818,Keenan Allen,WR,BE,LAC,11.01,19.8,ACTIVE,-1,-1,"RB/WR,WR,WR/TE,RB/WR/TE,OP,BE,IR",OJ's Parole Board,False
1,21,4372019,Jerome Ford,RB,BE,CLE,13.87,1.5,ACTIVE,-1,-1,"RB,RB/WR,RB/WR/TE,OP,BE,IR",OJ's Parole Board,False
1,21,-16009,Packers D/ST,D/ST,BE,GB,6.13,14.0,NORMAL,-1,-1,"D/ST,BE,IR",OJ's Parole Board,False
1,22,4374302,Amon-Ra St. Brown,WR,WR,DET,17.2,8.5,ACTIVE,-1,-1,"RB/WR,WR,WR/TE,RB/WR/TE,OP,BE,IR",Cookin with Bijan,True
1,22,4429160,De'Von Achane,RB,RB,MIA,17.69,16.5,ACTIVE,-1,-1,"RB,RB/WR,RB/WR/TE,OP,BE,IR",Cookin with Bijan,True
1,22,3054850,Alvin Kamara,RB,RB,NO,15.74,13.7,ACTIVE,-1,-1,"RB,RB/WR,RB/WR/TE,OP,BE,IR",Cookin with Bijan,True
1,22,3121422,Terry McLaurin,WR,WR,WSH,13.78,4.7,ACTIVE,-1,-1,"RB/WR,WR,WR/TE,RB/WR/TE,OP,BE,IR",Cookin with Bijan,True
1,22,4569987,Jaylen Warren,RB,RB/WR/TE,PIT,14.2,13.9,ACTIVE,-1,-1,"RB,RB/WR,RB/WR/TE,OP,BE,IR",Cookin with Bijan,True
1,22,4572680,Tucker Kraft,TE,TE,GB,9.41,9.9,ACTIVE,-1,-1,"WR/TE,TE,RB/WR/TE,OP,BE,IR",Cookin with Bijan,True
1,22,-16002,Bills D/ST,D/ST,D/ST,BUF,5.16,2.0,NORMAL,-1,-1,"D/ST,BE,IR",Cookin with Bijan,True
1,22,4697745,Tyler Loop,K,K,BAL,8.22,13.0,ACTIVE,-1,-1,"Rookie,K,BE,IR",Cookin with Bijan,True
1,22,4360310,Trevor Lawrence,QB,QB,JAX,17.82,10.2,ACTIVE,-1,-1,"QB,OP,BE,IR",Cookin with Bijan,True
1,22,3925357,Calvin Ridley,WR,BE,TEN,11.38,6.7,ACTIVE,-1,-1,"RB/WR,WR,WR/TE,RB/WR/TE,OP,BE,IR",Cookin with Bijan,False
1,22,4426354,George Pickens,WR,BE,DAL,13.21,6.0,ACTIVE,-1,-1,"RB/WR,WR,WR/TE,RB/WR/TE,OP,BE,IR",Cookin with Bijan,False
1,22,4038941,Justin Herbert,QB,BE,LAC,16.4,27.8,ACTIVE,-1,-1,"QB,OP,BE,IR",Cookin with Bijan,False
1,22,4696981,Cam Skattebo,RB,BE,NYG,5.47,2.9,ACTIVE,-1,-1,"Rookie,RB,RB/WR,RB/WR/TE,OP,BE,IR",Cookin with Bijan,False
1,22,4635008,Keon Coleman,WR,BE,BUF,11.96,25.2,ACTIVE,-1,-1,"RB/WR,WR,WR/TE,RB/WR/TE,OP,BE,IR",Cookin with Bijan,False
1,23,3929630,Saquon Barkley,RB,RB,PHI,20.92,18.4,ACTIVE,-1,-1,"RB,RB/WR,RB/WR/TE,OP,BE,IR",Never Ever Getting Dak Together,True
1,23,3043078,Derrick Henry,RB,RB,BAL,16.05,29.2,ACTIVE,-1,-1,"RB,RB/WR,RB/WR/TE,OP,BE,IR",Never Ever Getting Dak Together,True
1,23,4040715,Jalen Hurts,QB,QB,PHI,23.26,24.2,ACTIVE,-1,-1,"QB,OP,BE,IR",Never Ever Getting Dak Together,True
1,23,4047650,DK Metcalf,WR,WR,PIT,13.53,12.3,ACTIVE,-1,-1,"RB/WR,WR,WR/TE,RB/WR/TE,OP,BE,IR",Never Ever Getting Dak Together,True
1,23,15847,Travis Kelce,TE,TE,KC,11.79,12.7,ACTIVE,-1,-1,"WR/TE,TE,RB/WR/TE,OP,BE,IR",Never Ever Getting Dak Together,True
1,23,4685415,Travis Hunter,WR,WR,JAX,12.87,9.3,ACTIVE,-1,-1,"RB/WR,WR,WR/TE,RB/WR/TE,OP,BE,IR,CB,DB,DP",Never Ever Getting Dak Together,True
1,23,3916148,Tony Pollard,RB,RB/WR/TE,TEN,12.88,7.9,ACTIVE,-1,-1,"RB,RB/WR,RB/WR/TE,OP,BE,IR",Never Ever Getting Dak Together,True
1,23,-16033,Ravens D/ST,D/ST,D/ST,BAL,5.7,-3.5,NORMAL,-1,-1,"D/ST,BE,IR",Never Ever Getting Dak Together,True
1,23,4686361,Cam Little,K,K,JAX,8.31,15.0,ACTIVE,-1,-1,"K,BE,IR",Never Ever Getting Dak Together,True
1,23,3126486,Deebo Samuel,WR,BE,WSH,11.91,22.6,ACTIVE,-1,-1,"RB/WR,WR,WR/TE,RB/WR/TE,OP,BE,IR",Never Ever Getting Dak Together,False
1,23,3116165,Chris Godwin Jr.,WR,IR,TB,0.0,0.0,OUT,-1,-1,"RB/WR,WR,WR/TE,RB/WR/TE,OP,BE,IR",Never Ever Getting Dak Together,False
1,23,4431611,Caleb Williams,QB,BE,CHI,15.3,0.0,ACTIVE,-1,-1,"QB,OP,BE,IR",Never Ever Getting Dak Together,False
1,23,4877706,Jayden Higgins,WR,BE,HOU,9.14,5.2,ACTIVE,-1,-1,"Rookie,RB/WR,WR,WR/TE,RB/WR/TE,OP,BE,IR",Never Ever Getting Dak Together,False
1,23,4426385,Zach Charbonnet,RB,BE,SEA,8.59,10.7,ACTIVE,-1,-1,"RB,RB/WR,RB/WR/TE,OP,BE,IR",Never Ever Getting Dak Together,False
